strike,call_gamma,put_gamma,call_delta,put_delta,call_oi,put_oi,call_vol,put_vol,call_iv,put_iv,call_last,put_last
2600.0,-2.3006609274099228e-10,3.937605787393839e-07,0.9999999999726631,-0.00023742884032080624,0.0,2.0,,1.0,0.0006636679240012049,3.214956544235449,,0.05
2800.0,1.9719979413871666e-10,3.354121767016057e-07,1.0000000000218694,-0.00017952524032518286,0.0,9.0,,1.0,0.0006636679239233123,2.934560916419824,,0.25
3000.0,-4.929844688086544e-11,3.8725482319391083e-07,0.9999999999890653,-0.00019341160399669217,0.0,1.0,,1.0,0.0006636679238954257,2.720629741200501,,0.5
3200.0,9.860089819742456e-11,6.083602181921897e-07,1.0000000000027336,-0.000297662278614821,1.0,150.0,1.0,1.0,0.000663667923846737,2.56595033338002,3375.28,0.1
3400.0,2.1363661425147952e-10,7.930837482159048e-07,1.0000000000027336,-0.0003680828323659051,0.0,136.0,,1.0,0.000663667923823085,2.398765183748674,,0.05
3600.0,2.002211310814388e-15,4.859260488488841e-07,0.9999999999945326,-0.00018901808387276962,0.0,16.0,,1.0,0.0006636679237996917,2.134576223266271,,0.05
3800.0,6.674037703093866e-16,5.653122835815958e-07,0.9999999999972663,-0.00020429222616744384,0.0,298.0,,6.0,0.0006636679237783377,1.967851685650757,,0.05
4000.0,1.9720112904710675e-10,6.606697857649025e-07,1.0000000000164022,-0.00022129388278529184,0.0,60.0,,4.0,0.0006636679237580986,1.809731882193819,,0.05
4200.0,-4.929978171641921e-11,7.76486159462106e-07,0.9999999999972663,-0.00024038029482159937,0.0,256.0,,88.0,0.0006636679237055923,1.6593739453100365,,0.01
4400.0,0.0,9.189253567729571e-07,0.9999999999945326,-0.00026200926530006697,0.0,1074.0,,2.0,0.0006636679235706305,1.5160535658633922,,0.05
4600.0,-1.643281564407411e-11,1.096635600856024e-06,0.9999999999917989,-0.0002867780317440749,0.0,465.0,,40.0,0.0006636679235446809,1.3791436316361587,,0.05
4800.0,-2.6293239183132777e-10,1.3220492832550517e-06,0.9999999999671958,-0.00031548148900853364,0.0,1069.0,,60.0,0.0006636679234430351,1.2480978153903663,,0.05
5000.0,1.8076697880777383e-10,1.6135487161122763e-06,1.0000000000054674,-0.0003492020561603685,1.0,2860.0,1.0,1149.0,0.0006636679233812704,1.1224375229851762,1885.17,0.05
5100.0,-9.038382311433226e-11,1.7923240204505835e-06,0.9999999999972663,-0.0003683942935369123,0.0,750.0,,86.0,0.0006636679233508265,1.0614933095183494,,0.05
5200.0,-4.108203914442321e-11,1.9992238438614846e-06,0.9999999999876984,-0.0003894532765280735,0.0,900.0,,1.0,0.0006636679232723481,1.0017415189104053,,0.03
5300.0,-4.1082706554419725e-11,2.240386595621458e-06,0.9999999999890653,-0.0004126744738258731,0.0,540.0,,1.0,0.0006636679232233998,0.9431371104171176,,0.03
5400.0,2.464989089789556e-11,2.5237109004185205e-06,1.0,-0.00043841878207341286,0.0,31436.0,,400.0,0.0006636679231730439,0.8856377019556515,,0.05
5475.0,0.0,2.769953931239841e-06,1.0,-0.0004596469293824014,0.0,1680.0,,1300.0,0.0006636679231267318,0.8432142199214411,,0.05
5500.0,-8.217075236858246e-12,2.8594957378349386e-06,1.000000000001367,-0.0004671316979088388,0.0,628.0,,300.0,0.0006636679230989913,0.8292034141658537,,0.05
5525.0,-4.9299781810731716e-11,2.953145533486068e-06,0.9999999999958995,-0.0004748360690974563,0.0,496.0,,100.0,0.0006636679230697873,0.815256819638826,,0.05
5550.0,1.1566483313980963e-05,3.0511559220402807e-06,0.9975902746270779,-0.00048277001678373303,0.0,144.0,,20.0,0.9349135080346962,0.8013738753744876,,0.05
5575.0,5.751752446957092e-11,3.1537991374088195e-06,1.000000000001367,-0.0004909441260037898,0.0,141.0,,80.0,0.0006636679229704954,0.7875540267226823,,0.05
5600.0,0.0,3.2613688980552145e-06,1.000000000009568,-0.0004993696405023849,1.0,4221.0,1.0,82.0,0.0006636679229485895,0.7737967273601867,1497.36,0.05
5625.0,-5.751685707342498e-11,3.374182468735292e-06,0.9999999999904321,-0.0005080585147355156,1.0,210.0,1.0,1.0,0.0006636679229238673,0.760101439727433,968.46,0.03
5650.0,-2.4650558324078594e-11,3.4925829563422583e-06,0.9999999999986332,-0.0005170234708696544,0.0,433.0,,170.0,0.0006636679228698175,0.7464676347713943,,0.05
5675.0,-1.0681663894205163e-10,3.6169418707344124e-06,0.9999999999986332,-0.0005262780613524929,0.0,499.0,,189.0,0.0006636679228099674,0.7328947920504754,,0.1
5700.0,8.215740437095613e-12,3.747661985942965e-06,1.0000000000109348,-0.0005358367376865391,0.0,1410.0,,1.0,0.0006636679227901565,0.7193823997278973,,0.03
5725.0,2.4650558332016e-11,3.885180542764063e-06,1.0000000000054674,-0.000545714926154249,0.0,221.0,,1.0,0.0006636679227642071,0.705929954442998,,0.05
5750.0,8.215740438340528e-12,4.029972839898207e-06,1.0000000000027336,-0.0005559291113072371,0.0,296.0,,1.0,0.0006636679227393276,0.6925369612788143,,0.03
5775.0,1.8076764659502393e-10,4.182556268452135e-06,1.000000000008201,-0.0005664969281764849,0.0,248.0,,100.0,0.0006636679226824844,0.6792029340198975,,0.15
5800.0,1.068159715888594e-10,4.34349485331827e-06,1.000000000008201,-0.0005774372642761196,0.0,604.0,,55.0,0.0006636679226549811,0.6659273950284924,,0.05
5825.0,4.10833740336727e-11,4.5134043754387615e-06,1.000000000001367,-0.0005887703726375625,0.0,211.0,,1.0,0.0006636679226118559,0.6527098752547735,,0.15
5850.0,-3.2866298787164646e-11,4.692958161293396e-06,0.9999999999945326,-0.0006005179972881225,0.0,546.0,,254.0,0.0006636679225892967,0.6395499145554016,,0.05
5875.0,0.0,4.882893625506225e-06,0.9999999999986332,-0.0006127035105834536,1.0,292.0,1.0,195.0,0.0006636679225634144,0.6264470612340431,660.12,0.05
5900.0,-5.75161897361072e-11,5.084019790820979e-06,0.9999999999931658,-0.0006253520797618223,2.0,16060.0,2.0,81.0,0.0006636679225403933,0.6134008733394981,636.32,0.05
5925.0,9.860023119518557e-11,5.297225607852071e-06,1.0000000000054674,-0.0006384908184003666,0.0,75.0,,3.0,0.0006636679224996556,0.6004109171728714,,0.3
5950.0,1.2325012215237667e-10,5.523489767629249e-06,1.000000000009568,-0.0006521490027438763,0.0,261.0,,9.0,0.00066366792247338,0.5874767688972838,,0.05
5975.0,8.217075253200405e-12,5.763891673344004e-06,1.0000000000041005,-0.0006663582783365484,0.0,406.0,,120.0,0.000663667922444041,0.574598014263619,,0.1
6000.0,-6.573259760670036e-11,6.019624119823186e-06,0.9999999999917989,-0.0006811529068324051,2.0,2927.0,2.0,87.0,0.0006636679224206027,0.5617742488488413,474.32,0.07
6025.0,2.4649890955323466e-11,6.292007850481743e-06,1.0000000000027336,-0.0006965700413996633,0.0,177.0,,30.0,0.0006636679224005886,0.5490050783909213,,0.1
6030.0,0.0,6.3486089562897034e-06,1.0,-0.0006997316601620455,0.0,48.0,,3.0,0.0006636679223356932,0.5464577618495303,,0.15
6040.0,9.038382339851761e-11,7.95971926992589e-06,1.0000000000068343,-0.0009054139139110468,4.0,296.0,11.0,3.0,0.0006636679223101381,0.5579952168240875,926.0,0.15
6050.0,1.4790001318613865e-10,8.10274144130437e-06,1.0000000000123015,-0.0009136008891324435,0.0,693.0,,38.0,0.0006636679222876015,0.5529045942147855,,0.1
6060.0,0.0,8.249472522623597e-06,1.000000000001367,-0.0009219255421223783,0.0,16.0,,1.0,0.000663667922265132,0.5478226571719801,,0.15
6070.0,-8.215073046860653e-12,8.400040519823824e-06,0.9999999999876984,-0.0009303913869187685,0.0,62.0,,2.0,0.0006636679222388452,0.5427493830285185,,0.2
6075.0,-5.3407652162343425e-11,8.476804870825055e-06,0.9999999999890653,-0.0009346783871025096,0.0,208.0,,120.0,0.0006636679222192033,0.5402159875840785,,0.12
6080.0,2.465055837357065e-11,8.55457897885934e-06,1.0000000000027336,-0.0009390020577217889,0.0,18.0,,16.0,0.000663667922199932,0.5376847495095746,,0.15
6090.0,4.1085376297908144e-12,8.71322727494985e-06,0.9999999999986332,-0.0009477613140764228,0.0,83.0,,10.0,0.0006636679221812127,0.5326287346210444,,0.15
6100.0,-8.627461840736312e-11,8.876130919247678e-06,0.9999999999945326,-0.0009566730462848108,23.0,858.0,19.0,3.0,0.0006636679221497562,0.5275813164615842,878.43,0.05
6110.0,8.217075260982387e-12,9.043441884742753e-06,0.9999999999965828,-0.000965741281135145,0.0,59.0,,35.0,0.0006636679221291912,0.5225424738166089,,0.1
6120.0,-7.394967293040172e-11,9.215318952264826e-06,0.9999999999965828,-0.0009749701879145017,30.0,98.0,19.0,1.0,0.0006636679221078932,0.5175121857263643,858.48,0.1
6125.0,-8.21667481980763e-11,9.303021344865918e-06,0.9999999999979498,-0.0009796462366973234,5.0,149.0,6.0,1.0,0.0006636679220842075,0.5150002432213769,427.55,0.05
6130.0,-5.75161898210815e-11,9.39192807831968e-06,0.9999999999890653,-0.0009843640847475453,11.0,46.0,3.0,5.0,0.0006636679220489208,0.5124904317066644,909.69,0.25
6140.0,4.10853763173631e-12,9.573442786145458e-06,0.9999999999972663,-0.0009939274452704886,5.0,81.0,3.0,2.0,0.0006636679220273868,0.507477191279173,899.74,0.2
6150.0,8.21707526425082e-12,9.760044581956734e-06,0.9999999999965828,-0.0010036649056751027,0.0,500.0,,131.0,0.0006636679219924497,0.5024724447228666,,0.12
6160.0,-3.6974836480608346e-11,9.951923397876605e-06,0.9999999999958995,-0.001013581272128819,4.0,129.0,4.0,10.0,0.0006636679219703414,0.49747617260247806,806.3,0.2
6170.0,2.8759096024917046e-11,1.0149278063788517e-05,0.9999999999993165,-0.0010236815286068118,0.0,122.0,,28.0,0.0006636679219493806,0.492488355870927,,0.2
6175.0,8.216407862188816e-12,1.0250073530897944e-05,0.9999999999986332,-0.0010288022237422642,0.0,265.0,,121.0,0.0006636679219242315,0.4899976124922616,,0.18
6180.0,-5.340831961872043e-11,1.0352316810211803e-05,1.000000000001367,-0.0010339708451607363,0.0,124.0,,1.0,0.0006636679218959165,0.4875089760125955,,0.37
6190.0,-7.394967298362757e-11,1.0561257804424489e-05,0.9999999999863316,-0.0010444545866453705,1.0,57.0,1.0,1.0,0.0006636679218679288,0.4825380146411841,306.47,0.4
6200.0,-4.519124435882712e-11,1.0776405314562315e-05,0.9999999999931658,-0.0010551423840545553,1.0,666.0,2.0,69.0,0.0006636679218455046,0.4772599351550118,649.92,0.15
6210.0,2.464989100154593e-11,1.099831876527661e-05,0.9999999999979498,-0.0010660569989878266,0.0,111.0,,10.0,0.0006636679217740993,0.47178531951026287,,0.15
6220.0,-1.6433483136867132e-11,1.1227322599825238e-05,0.9999999999958995,-0.0010772076138708048,0.0,42.0,,4.0,0.0006636679217496245,0.4663196448449481,,0.25
6225.0,4.10853763593858e-12,1.1344579664463753e-05,1.0000000000020504,-0.0010828738542323433,0.0,321.0,2.0,1.0,0.0006636679216871954,0.4635901527142041,624.99,0.2
6230.0,5.34083196571615e-11,1.1463726942626924e-05,1.0000000000061509,-0.0010886020570730248,0.0,91.0,,58.0,0.0006636679216556599,0.46086288660332625,,0.7
6235.0,1.232427810236761e-11,9.488051358362732e-06,1.000000000001367,-0.0008572207645183647,0.0,44.0,,1.0,0.0006636679216298238,0.4438499588067419,,0.2
6240.0,4.108404156195301e-11,9.590758389878793e-06,0.9999999999993165,-0.0008618924080281963,0.0,164.0,,2.0,0.0006636679216061495,0.4413912385359348,,0.1
6245.0,1.6432815742741613e-11,9.695089324052113e-06,1.0,-0.0008666124147203326,0.0,33.0,,3.0,0.0006636679215531015,0.43893457595020074,,0.7
6250.0,1.2324278106102554e-11,9.801078325483979e-06,1.0000000000006835,-0.0008713815403760699,11.0,504.0,10.0,138.0,0.0006636679215273329,0.43647996912860204,231.71,0.15
6255.0,4.107202830723378e-12,9.908760458008385e-06,1.0000000000068343,-0.0008762005565423407,0.0,56.0,,1.0,0.0006636679214974296,0.43402741594188765,,0.3
6260.0,-4.9301116855463545e-11,1.0018171713249905e-05,1.0000000000061509,-0.0008810702509494532,0.0,330.0,,9.0,0.0006636679214727086,0.4315769145257143,,0.05
6265.0,3.286629890046338e-11,1.0129349040069367e-05,1.000000000001367,-0.0008859914279321289,0.0,90.0,,57.0,0.0006636679214391903,0.4291284629664193,,0.8
6270.0,1.1914291971283468e-10,1.0242330375191847e-05,1.0000000000088844,-0.0008909649088689704,1.0,60.0,1.0,30.0,0.000663667921416957,0.42668205938769227,233.26,0.3
6275.0,3.2865631501045925e-11,1.0357154674959146e-05,1.0000000000054674,-0.000895991532634265,0.0,309.0,,120.0,0.0006636679213958288,0.42423770197205196,,0.27
6280.0,4.108337418774841e-11,1.0473861948268837e-05,1.0000000000027336,-0.0009010721560640905,0.0,48.0,1.0,1.0,0.0006636679213696094,0.4217953889432261,346.07,0.15
6285.0,-1.2324278112872145e-11,1.0592493290766743e-05,0.9999999999924823,-0.0009062076544389176,0.0,87.0,,4.0,0.0006636679213508003,0.41935511846694445,,0.15
6290.0,3.286629891166876e-11,1.0713090920334384e-05,1.0,-0.0009113989219788889,1.0,128.0,1.0,1.0,0.0006636679213302118,0.4169168888158748,206.8,0.1
6295.0,4.108537640607768e-12,1.0835698213944037e-05,1.000000000003417,-0.0009166468723584984,0.0,54.0,,5.0,0.0006636679213077424,0.4144806982804516,,0.15
6300.0,0.0,1.0960359745923145e-05,1.0000000000068343,-0.0009219524392361867,5.0,714.0,2.0,62.0,0.0006636679212866579,0.4120465452631301,340.65,0.15
6305.0,5.340765231711736e-11,1.1087121327663683e-05,1.000000000004784,-0.0009273165768003749,0.0,209.0,,1.0,0.0006636679212618247,0.40961442813453885,,0.15
6310.0,-3.286696632415945e-11,1.1216030048908527e-05,1.000000000003417,-0.0009327402603348605,2.0,65.0,1.0,17.0,0.0006636679212384314,0.40718434528537584,236.57,0.55
6315.0,3.286563151909865e-11,1.1347134320655462e-05,1.0000000000109348,-0.0009382244868032352,0.0,6.0,,2.0,0.0006636679212185982,0.40475629521935524,,0.95
6320.0,4.108270680498323e-11,1.1480483919715331e-05,1.0000000000061509,-0.0009437702754518428,6.0,2935.0,1.0,6.0,0.000663667921194789,0.4023302764484765,470.56,0.05
6325.0,-2.8757761286001367e-11,1.161613003522155e-05,0.9999999999938493,-0.0009493786684400769,14.0,122.0,3.0,25.0,0.0006636679211599642,0.39990628824364366,534.31,0.3
6330.0,1.6432815765463153e-11,1.1754125316049112e-05,1.0000000000075175,-0.0009550507314544903,9.0,78.0,1.0,4.0,0.0006636679210959805,0.3974843277552144,509.45,0.1
6335.0,4.929978210767602e-11,1.1894523922033433e-05,1.0000000000027336,-0.0009607875544210752,0.0,40.0,,4.0,0.0006636679210737473,0.39506439436747987,,0.07
6340.0,-5.751752480184994e-11,1.2037381575301922e-05,1.000000000001367,-0.0009665902521625218,35.0,355.0,24.0,5.0,0.0006636679210536095,0.39264648678117614,267.54,0.15
6345.0,-4.9299114709502906e-11,1.4838097734410149e-05,0.9999999999938493,-0.0012401593668780826,1.0,151.0,1.0,9.0,0.0006636679210308817,0.39874342070992314,292.82,0.2
6350.0,3.697483658776042e-11,1.233070505226682e-05,1.0000000000027336,-0.0009783978601050566,114.0,1891.0,1.0,1234.0,0.0006636679210079279,0.3878167441333464,503.49,0.2
6355.0,1.6433483175152925e-11,1.5201709478918065e-05,0.9999999999993165,-0.0012554178648505718,0.0,118.0,1.0,1.0,0.0006636679209785102,0.3933959133420839,645.18,0.37
6360.0,-1.2325612935130492e-11,1.538888165467345e-05,0.9999999999972663,-0.0012632143670819596,15.0,335.0,1.0,5.0,0.0006636679209524371,0.3907257751177259,640.18,0.2
6365.0,-6.984180295082808e-11,1.5579478222944373e-05,0.9999999999993165,-0.0012710974564323152,1.0,63.0,1.0,23.0,0.0006636679209317697,0.3880575334822131,570.68,0.2
6370.0,6.573326531053135e-11,1.577372683348973e-05,1.0000000000075175,-0.0012790828253350568,26.0,208.0,1.0,62.0,0.0006636679209062484,0.38539144131144576,565.68,0.2
6375.0,-2.464989106831171e-11,1.597172258128799e-05,0.999999999995216,-0.0012871724911597594,10.0,379.0,40.0,6.0,0.0006636679208739585,0.38272749629282304,660.06,0.1
6380.0,1.2325612939099303e-11,1.6173563690972628e-05,1.0,-0.0012953685245729479,20.0,144.0,6.0,4.0,0.0006636679208427154,0.3800656961763855,420.65,0.4
6385.0,-5.340765238894055e-11,1.637935164141704e-05,0.9999999999890653,-0.0013036730513066757,0.0,70.0,40.0,24.0,0.0006636679208119792,0.3774060385935601,650.05,1.2
6390.0,-3.28656315620517e-11,1.6589191296301143e-05,0.9999999999890653,-0.001312088254001977,23.0,146.0,2.0,2.0,0.0006636679207815139,0.37474852132772596,403.87,0.25
6395.0,-7.394900582917235e-11,1.965367856403703e-05,0.9999999999904321,-0.0015984942881147198,3.0,128.0,2.0,83.0,0.0006636679207536275,0.37704790738995453,263.83,0.25
6400.0,-6.573326534788295e-11,1.9910160292511493e-05,0.9999999999897486,-0.0016090153110150237,650.0,1137.0,4.0,1.0,0.0006636679207197032,0.37439363293724337,622.7,0.1
6405.0,-9.038315643642675e-11,1.7244122810394046e-05,0.9999999999856481,-0.001338020638608435,0.0,78.0,2.0,5.0,0.0006636679206887309,0.3667887897303081,429.63,0.55
6410.0,8.817016259301902e-06,2.0438636102250822e-05,0.9994088645247251,-0.0016304840426738573,18.0,294.0,5.0,57.0,0.3350992532428371,0.3690915237330964,629.27,0.58
6415.0,-2.4649223690680894e-11,2.0710911932803384e-05,0.9999999999911156,-0.001641437584117222,5.0,86.0,5.0,1.0,0.0006636679205223583,0.3664436852876264,624.64,0.1
6420.0,-7.395034072777022e-11,2.098874227840721e-05,0.9999999999890653,-0.0016525412645203598,14.0,162.0,2.0,3.0,0.0006636679203444295,0.36379798851883793,370.26,0.25
6425.0,-6.98418030804697e-11,2.1272280413833672e-05,0.9999999999890653,-0.001663798204620041,11.0,470.0,4.0,3.0,0.0006636679203185137,0.36115443170865197,408.12,0.3
6430.0,-3.286696641753943e-11,1.8427575057406392e-05,1.000000000001367,-0.0013836755872397091,32.0,107.0,12.0,24.0,0.000663667920296258,0.3535651642494714,412.53,0.45
6435.0,-7.805821099284851e-11,2.185712005018015e-05,0.9999999999876984,-0.0016867847839196247,2.0,207.0,2.0,165.0,0.0006636679202752422,0.3558737312510513,406.89,0.25
6440.0,-2.0540686057075278e-11,2.2158754427270865e-05,0.9999999999993165,-0.0016985209939795953,39.0,164.0,1.0,5.0,0.000663667920253922,0.35323658238980704,404.06,0.3
6445.0,-4.9299114829026045e-11,2.2466767856482975e-05,0.999999999995216,-0.0017104240803248823,0.0,60.0,,7.0,0.0006636679202316548,0.3506015710480811,,0.3
6450.0,5.751685754405733e-11,2.278133887452825e-05,1.000000000001367,-0.001722497278193476,84.0,646.0,5.0,15.0,0.0006636679202093541,0.34796868971051104,548.64,0.12
6455.0,4.108270693104312e-11,2.31026576231512e-05,1.0000000000006835,-0.0017347443949003306,0.0,87.0,,10.0,0.0006636679201779211,0.3453379389976706,,0.35
6460.0,4.5193246801271145e-11,2.3430919846642213e-05,0.9999999999945326,-0.0017471692275925566,83.0,224.0,2.0,43.0,0.0006636679201474434,0.34270931754517425,578.85,0.35
6465.0,1.2325612966180595e-11,2.3766328452636717e-05,1.0,-0.0017597756845060947,2.0,70.0,2.0,10.0,0.0006636679201175188,0.3400828240620484,357.8,0.5
6470.0,-4.1072028481493515e-12,2.7409595506319083e-05,1.0,-0.0020723519861165908,19.0,228.0,6.0,1.0,0.0006636679200897786,0.3423949646601357,557.71,0.15
6475.0,1.2324945564503938e-11,2.780671759985578e-05,0.9999999999986332,-0.0020874852920841997,22.0,698.0,2.0,5.0,0.0006636679200620606,0.3397718514549199,564.05,0.15
6480.0,-5.751752498487576e-11,2.8212590196628904e-05,1.000000000001367,-0.0021028414334285815,39.0,386.0,8.0,3.0,0.0006636679199944391,0.3371508784314597,532.9,0.35
6485.0,-2.0542020884473485e-11,2.8627473268433577e-05,0.9999999999979498,-0.0021184253758169984,12.0,60.0,5.0,1.0,0.0006636679199352421,0.3345320447958065,606.93,0.6
6490.0,-6.162406045492574e-11,2.9051636515833466e-05,0.9999999999883818,-0.002134242233043605,96.0,213.0,6.0,5.0,0.0006636679198616401,0.3319153497285517,546.22,0.35
6495.0,-6.984247058610921e-11,2.948535980821644e-05,0.9999999999958995,-0.0021502972725902037,75.0,213.0,75.0,44.0,0.0006636679198302956,0.32930079273686025,173.96,0.4
6500.0,-1.3557506872374197e-10,2.9928933646554734e-05,0.9999999999870149,-0.00216659592141065,73.0,16736.0,26.0,8.0,0.0006636679197864836,0.3266883732852738,594.6,0.15
6505.0,-7.805887851638545e-11,3.0382659651352613e-05,0.9999999999938493,-0.0021831437719952904,1.0,172.0,1.0,3.0,0.0006636679197637669,0.3240780909845641,591.63,0.4
6510.0,-7.39490060546799e-11,3.084685107758542e-05,0.999999999995216,-0.002199946588739587,38.0,374.0,20.0,30.0,0.000663667919741681,0.32146994651362126,586.18,0.4
6515.0,-5.340898737251492e-11,3.1321833352943565e-05,0.9999999999924823,-0.002217010314441815,17.0,234.0,34.0,127.0,0.0006636679197190195,0.31886393747252595,579.73,0.4
6520.0,-6.573326555082671e-11,3.1807944655141134e-05,0.9999999999890653,-0.0022343410774408926,68.0,495.0,2.0,3.0,0.0006636679196945235,0.31626006482503427,502.39,0.65
6525.0,-4.108337439785165e-11,3.230562352157504e-05,0.9999999999924823,-0.0022519526373786674,25.0,278.0,17.0,5.0,0.0006636679196724375,0.313658443004637,491.53,0.15
6530.0,-9.85995646392914e-11,3.2814974434954026e-05,0.9999999999917989,-0.002269829199672305,26.0,223.0,3.0,2.0,0.0006636679196445172,0.31105872858905814,492.98,0.4
6535.0,-1.273586608737721e-10,3.333663859937096e-05,0.9999999999911156,-0.0022879998098105556,19.0,208.0,2.0,3.0,0.0006636679196169229,0.30846126522834494,493.99,0.45
6540.0,-7.80588785563053e-11,3.7653011386197934e-05,0.9999999999979498,-0.002628610577557944,250.0,3003.0,20.0,1.0,0.0006636679195949268,0.3107865940637477,556.23,0.17
6545.0,-5.34083199920034e-11,3.4418243940916114e-05,0.9999999999917989,-0.002325228868142443,17.0,335.0,14.0,235.0,0.0006636679195737425,0.30327274946196225,553.01,0.34
6550.0,-6.573393298324176e-11,3.887453849018138e-05,0.9999999999965828,-0.0026713651539691055,109.0,3061.0,1.0,10.0,0.000663667919549966,0.30560095506169244,446.13,0.17
6555.0,-1.643281584327664e-11,3.950773832410312e-05,1.000000000001367,-0.0026932643519881755,107.0,96.0,20.0,1.0,0.0006636679195240736,0.30301137035532033,538.08,0.15
6560.0,8.217742729818665e-12,4.3895345241992965e-05,0.9999999999938493,-0.00303689806031225,182.0,200.0,8.0,2.0,0.0006636679195032152,0.30533668276547005,474.06,0.17
6565.0,-4.9300449754239724e-11,4.461462967829214e-05,0.9999999999931658,-0.003061933639156911,29.0,120.0,2.0,6.0,0.0006636679194399971,0.30275069780580643,468.54,0.2
6570.0,-4.108337442897806e-11,4.150311522060332e-05,0.9999999999931658,-0.0027611539349759007,68.0,355.0,3.0,134.0,0.0006636679194174602,0.29525556926043744,467.18,0.4
6575.0,-5.340765261654927e-11,4.610708944357581e-05,0.9999999999897486,-0.003113246378300822,68.0,468.0,3.0,2.0,0.0006636679193967031,0.2975852640983845,517.13,0.18
6580.0,-4.108270703064601e-11,4.6881467882984886e-05,0.9999999999890653,-0.003139544183208008,150.0,474.0,8.0,265.0,0.0006636679193732883,0.2950058192900215,457.51,0.5
6585.0,-3.2866299108385244e-11,4.767545627966702e-05,0.9999999999938493,-0.003166283948348001,18.0,125.0,1.0,55.0,0.000663667919345086,0.29242855868681517,432.89,0.65
6590.0,-3.286629911149785e-11,4.848972138341999e-05,0.9999999999938493,-0.003193476878009811,104.0,190.0,10.0,73.0,0.0006636679193114664,0.2898534847221889,447.4,0.54
6595.0,-8.216674889219517e-11,4.932495843930641e-05,0.9999999999866733,-0.003221134556167675,12.0,131.0,1.0,25.0,0.0006636679192798634,0.28728059998524247,440.81,0.2
6600.0,-5.546192147284336e-11,5.01818926564092e-05,0.9999999999890653,-0.0032492689625986666,555.0,1056.0,25.0,13.0,0.0006636679192559182,0.2847099072638667,490.14,0.22
6605.0,-1.6432815857594323e-11,5.1061280765445674e-05,0.9999999999914573,-0.0032778924898382356,138.0,245.0,2.0,5.0,0.0006636679192331453,0.2821414095717286,483.2,0.22
6610.0,-2.2595622358738714e-11,5.597471502053809e-05,0.9999999999924823,-0.0036420419149418752,91.0,248.0,3.0,1.0,0.0006636679192099668,0.2844757011805484,423.13,0.18
6615.0,-1.4378547026628922e-11,5.69597946722897e-05,0.9999999999921406,-0.0036742494007402627,42.0,276.0,4.0,4.0,0.0006636679191854031,0.2819109940871016,478.27,0.22
6620.0,-1.0270009360496156e-11,6.185293285371919e-05,0.9999999999935075,-0.0040378925388651924,385.0,278.0,6.0,3.0,0.0006636679191610184,0.28168905231047076,474.42,0.7
6625.0,-4.1084041867774916e-11,6.296370587436913e-05,0.9999999999945326,-0.004074378796670855,203.0,273.0,16.0,77.0,0.0006636679191380094,0.2788150680590255,415.22,0.45
6630.0,-6.77875344992551e-11,6.410652714695047e-05,0.9999999999897486,-0.004111587413753459,131.0,585.0,21.0,229.0,0.0006636679191167004,0.275943349806155,408.83,0.54
6635.0,0.00013776690124052077,6.528291495948032e-05,0.9887292664659836,-0.004149560728077447,73.0,87.0,45.0,10.0,0.3162721452236193,0.27307400529896286,460.35,0.25
6640.0,-4.930044982707611e-11,6.649397350874336e-05,0.9999999999941909,-0.00418830163159674,120.0,362.0,50.0,12.0,0.0006636679189490316,0.2702069281770694,455.07,0.25
6645.0,-9.654663082836166e-11,6.774119504087127e-05,0.9999999999962412,-0.004227840868369857,15.0,122.0,40.0,1.0,0.0006636679189130468,0.2673421551141601,446.85,0.25
6650.0,4.313831073667619e-11,6.902606506188498e-05,1.0000000000003417,-0.004268203458235425,445.0,838.0,51.0,33.0,0.0006636679188630407,0.26447968728415494,444.06,0.25
6655.0,5.546258894595689e-11,7.467755943475358e-05,1.000000000001367,-0.0046592933670302535,25.0,186.0,5.0,16.0,0.0006636679188386794,0.263398088049367,381.25,0.27
6660.0,2.0542020954898124e-11,7.61304990718453e-05,0.9999999999986332,-0.00470497067726169,75.0,1349.0,1.0,1.0,0.0006636679187989783,0.26054019109070015,432.63,0.3
6665.0,6.162806508303916e-12,8.200443746282711e-05,0.9999999999993165,-0.00510382079916549,4.0,192.0,1.0,4.0,0.0006636679187575986,0.2594622439696369,190.59,0.27
6670.0,6.674037804729873e-16,8.363877916365485e-05,1.000000000003417,-0.005155105034739058,165.0,105.0,8.0,4.0,0.0006636679187243288,0.25660895812200696,369.55,0.27
6675.0,5.1354051296165267e-11,8.532491358110696e-05,1.0000000000017086,-0.005207500184412443,83.0,1012.0,11.0,35.0,0.0006636679187023214,0.2537580127340116,365.36,0.3
6680.0,-8.216407942647962e-12,8.706508750559646e-05,0.9999999999931658,-0.005261042778827958,179.0,185.0,5.0,10.0,0.0006636679186769688,0.2509094110250165,360.28,0.3
6685.0,-3.2864964371791235e-11,8.886167155186372e-05,0.9999999999870149,-0.005315770964488845,8.0,147.0,1.0,9.0,0.0006636679186270075,0.2480631565249264,315.83,0.32
6690.0,-5.135338390697501e-11,9.541754758462398e-05,0.9999999999890653,-0.005737404810273835,103.0,144.0,5.0,2.0,0.0006636679186048078,0.2469958925933178,350.28,0.32
6695.0,-6.984113604180202e-11,0.00010208356797448367,0.9999999999873567,-0.006162696890797606,18.0,195.0,6.0,1.0,0.0006636679185836573,0.24593006781652257,173.03,0.35
6700.0,-3.28662991855778e-11,0.00010426248530761709,0.9999999999993165,-0.006229025299246553,409.0,2182.0,38.0,44.0,0.0006636679185622908,0.24309090738602163,341.3,0.3
6705.0,-4.5191244809065934e-11,0.0001065146511493528,0.9999999999979498,-0.006296866813045586,85.0,123.0,1.0,7.0,0.0006636679185402509,0.24025413985503055,334.44,0.35
6710.0,-4.1083374540254966e-11,0.00010389528380648449,0.9999999999941909,-0.005990336624630971,247.0,296.0,1.0,78.0,0.000663667918519741,0.2356440060707528,382.56,0.35
6715.0,-5.340765276221885e-11,0.00011125235598598004,0.999999999995216,-0.006437300865681223,8.0,225.0,1.0,19.0,0.0006636679184976427,0.23458780823587266,303.43,0.35
6720.0,-3.286629919429308e-11,0.00011374521055803267,0.9999999999921406,-0.006510005470998802,197.0,995.0,50.0,134.0,0.0006636679184783502,0.2317582576514572,374.18,0.34
6725.0,-4.9299115094218004e-11,0.00012635404215792547,0.9999999999907738,-0.007343387963857865,324.0,2442.0,5.0,7.0,0.0006636679184433006,0.23247990356607484,369.12,0.41
6730.0,-1.232494562543355e-11,0.000124206187580911,0.999999999995216,-0.007047283802027971,105.0,1312.0,45.0,81.0,0.0006636679184214171,0.22788139176975128,361.93,0.36
6735.0,-3.081203036344416e-11,0.00013222671939855932,0.9999999999993165,-0.007514394103136958,33.0,300.0,53.0,2.0,0.0006636679184006935,0.2268331865837796,360.27,0.4
6740.0,-2.0529340310679863e-12,0.00013532247224828315,0.9999999999938493,-0.007603022383429835,308.0,340.0,4.0,14.0,0.0006636679183513631,0.22401353800093726,353.6,0.45
6745.0,-7.600527741852055e-11,0.00014370518354850224,0.9999999999958995,-0.00808080170644418,11.0,202.0,45.0,2.0,0.0006636679183308756,0.22296942025135802,350.6,0.5
6750.0,-5.957045930814681e-11,0.00014185933762053186,0.9999999999931658,-0.007786918305857002,1083.0,1693.0,24.0,45.0,0.0006636679183109188,0.21838171408005766,287.82,0.42
6755.0,-6.162539555546102e-11,0.00015590943198844957,0.999999999995216,-0.008667001191915248,20.0,173.0,3.0,149.0,0.000663667918289677,0.21911487217360262,279.16,1.65
6760.0,-2.464922385969179e-11,0.00016977041224523762,0.9999999999941909,-0.009541223934475394,161.0,3228.0,20.0,25.0,0.0006636679182470699,0.21984646090667231,281.48,0.5
6765.0,-3.2866299219193907e-11,0.00017392576238990553,0.9999999999941909,-0.009658729688149485,15.0,628.0,2.0,5.0,0.000663667918226606,0.21703970600704425,270.73,0.52
6770.0,-3.286696662546552e-11,0.00017823836141970932,0.9999999999965828,-0.009779213253629801,288.0,3132.0,3.0,41.0,0.0006636679181985724,0.21423556390011683,322.94,0.5
6775.0,-7.395100861619172e-11,0.00018271626459855886,0.9999999999955578,-0.009902788557546817,533.0,744.0,1.0,87.0,0.0006636679181693234,0.21143405162076903,311.47,0.55
6780.0,-9.860089989320496e-11,0.00019744760115681767,0.9999999999969246,-0.010804349902936973,227.0,391.0,56.0,29.0,0.000663667918141493,0.21217217064778926,256.35,0.52
6785.0,-3.9029105750726344e-11,0.00021205302771930339,0.9999999999972663,-0.011702260766465258,38.0,209.0,5.0,17.0,0.0006636679181126712,0.21169765828054735,252.75,0.6
6790.0,-8.422101802656547e-11,0.00021751885766209723,0.9999999999907738,-0.011854069629828977,166.0,327.0,13.0,32.0,0.0006636679180928606,0.20851478239438556,247.85,0.55
6795.0,-5.7517525325870295e-11,0.00023298103291233868,0.9999999999979498,-0.01277895864223115,45.0,278.0,1.0,17.0,0.0006636679180290342,0.2068482951642793,243.08,0.65
6800.0,-3.4921235486195984e-11,0.0002392035652486911,0.9999999999958995,-0.012951053398343734,1121.0,2170.0,7.0,114.0,0.0006636679180008891,0.203671074617188,297.58,0.6
6805.0,-8.011314777872675e-11,0.0002556838442318248,0.9999999999935075,-0.01390714263602337,25.0,282.0,2.0,17.0,0.0006636679179745,0.2020099212414259,171.0,0.6
6810.0,-7.189607242031371e-11,0.00024187770942881568,0.9999999999921406,-0.012509305056190991,194.0,811.0,7.0,46.0,0.0006636679179455209,0.19581037331660517,284.05,0.65
6815.0,-8.216674922991668e-11,0.00027014533184188937,0.9999999999907738,-0.014301527495138003,80.0,228.0,1.0,105.0,0.0006636679179166665,0.1956698344671642,280.65,0.75
6820.0,-3.08126978150824e-11,0.0002883649916771223,0.9999999999989748,-0.015308504447007255,177.0,416.0,3.0,40.0,0.0006636679178874725,0.19401726193095797,276.49,0.7
6825.0,-6.573460072319192e-11,0.00030717047500846973,0.9999999999969246,-0.016332764875966133,739.0,660.0,4.0,111.0,0.0006636679178534145,0.19236719373818165,269.97,0.75
6830.0,-9.65452963371604e-11,0.0003265828651582208,0.9999999999890653,-0.0173747175324919,433.0,313.0,1.0,285.0,0.0006636679178260687,0.19071965806918398,262.49,0.75
6835.0,-4.1083374629743384e-11,0.00033639352774913545,0.9999999999972663,-0.01763846883159455,132.0,259.0,12.0,68.0,0.000663667917799004,0.18756340143934097,205.43,0.8
6840.0,-6.162539565117524e-11,0.00033577454762183904,0.999999999995216,-0.01708987918276774,105.0,406.0,27.0,120.0,0.0006636679177727845,0.18289756305427435,252.1,0.9
6845.0,0.0001747478438926898,0.00037867436159050684,0.9933513604480302,-0.01981822775137418,139.0,143.0,74.0,42.0,0.1537536239157604,0.18428263913841417,201.09,0.95
6850.0,-4.416544533341517e-11,0.00037991942603882406,0.9999999999967537,-0.01931587423221829,1053.0,4165.0,22.0,152.0,0.0006636679175228649,0.17962489076039784,242.88,0.9
6855.0,-1.2427725842560026e-10,0.00042380266992645077,0.9999999999885527,-0.022076605645840287,106.0,201.0,20.0,8.0,0.0006636679174911482,0.18101255488325949,237.25,1.05
6860.0,-2.6702825359397198e-11,0.0004475017531567251,0.9999999999902612,-0.02323649411499288,151.0,255.0,5.0,33.0,0.0006636679174534515,0.17938160218464969,234.99,1.1
6865.0,-2.9784896031728705e-11,0.0004719955893485226,0.9999999999907738,-0.024417528485259292,80.0,218.0,5.0,86.0,0.0006636679174229076,0.17775342346609296,231.03,1.15
6870.0,2.5677693154971724e-11,0.0004876634018195651,1.0000000000001708,-0.02482643426910708,149.0,213.0,7.0,78.0,0.0006636679173686543,0.17462086823532996,224.64,1.15
6875.0,-2.3622756908725318e-11,0.0005234894732832298,0.9999999999953869,-0.026845169636292774,1091.0,1355.0,11.0,64.0,0.0006636679173363083,0.17450553833683946,217.91,1.2
6880.0,6.674037833299199e-16,0.0005594102173565088,0.9999999999953869,-0.028866597556942035,481.0,248.0,13.0,212.0,0.0006636679173051215,0.1743105337085182,217.03,1.31
6885.0,1.027801826405947e-12,0.0005695139719107479,0.9999999999950452,-0.028580355597501866,140.0,207.0,1.0,36.0,0.000663667917283892,0.16976445569745846,204.33,1.45
6890.0,-2.4649223932992097e-11,0.0006172060501416542,0.9999999999914573,-0.031465602627466206,181.0,765.0,115.0,18.0,0.0006636679172602503,0.16858468071693822,158.03,1.36
6895.0,-4.107202883701451e-12,0.0006575801959828991,0.999999999990603,-0.03361845036139522,65.0,171.0,6.0,55.0,0.0006636679172204602,0.1664793023589407,202.78,1.65
6900.0,1.3352080094862215e-11,0.0006772156376992062,0.9999999999967537,-0.033847063061103855,1123.0,4306.0,28.0,257.0,0.0006636679171680876,0.16249787682939817,193.73,1.69
6905.0,-1.6432815961553145e-11,0.0007352367296540095,0.9999999999972663,-0.03730553412159906,464.0,176.0,1.0,60.0,0.0006636679171353921,0.16152803820177017,188.68,1.67
6910.0,7.189940962171136e-12,0.0007860138113137984,0.9999999999965828,-0.040024062807276634,236.0,164.0,51.0,37.0,0.0006636679171052528,0.15980947255846062,188.0,1.9
6915.0,-2.567635837220845e-11,0.0008388254638396163,0.9999999999916281,-0.04280159972747136,111.0,726.0,8.0,103.0,0.0006636679170478577,0.1580943444403178,183.1,2.0
6920.0,-1.951421923815561e-11,0.0008812136675805294,0.9999999999970954,-0.044467674440869034,277.0,254.0,44.0,108.0,0.0006636679170125383,0.15525716874548773,179.51,1.95
6925.0,-2.773129462792968e-11,0.0009664209217599352,0.9999999999965828,-0.05006678715410262,1225.0,1302.0,19.0,133.0,0.000663667916986971,0.15617347038567767,174.72,2.05
6930.0,-4.107870290752858e-12,0.001002667768342646,0.9999999999958995,-0.0507378344289024,974.0,261.0,1.0,49.0,0.0006636679169569677,0.15222089820219378,164.16,2.3
6935.0,0.00014568845897538606,0.001072333551338263,0.9970740208275085,-0.054537998016577584,112.0,714.0,10.0,41.0,0.0890588125451825,0.1512695000470754,159.86,2.35
6940.0,0.0002278517099003735,0.001147037886923088,0.9949813851921381,-0.05875707840617642,177.0,231.0,20.0,113.0,0.09195880252401435,0.15069446942942952,158.26,2.51
6945.0,-5.135672121867561e-12,0.0012104235728049543,0.9999999999965828,-0.06154960335908901,334.0,390.0,14.0,51.0,0.0006636679167166212,0.14862692304081132,154.26,2.95
6950.0,4.0888441757472164e-06,0.0012978189780768802,0.999959922630603,-0.0669640256932407,2635.0,1634.0,212.0,178.0,0.05842762486124966,0.14790340098530153,144.15,2.9
6955.0,0.0006227341283223483,0.0013774305986065797,0.9825392462020023,-0.07106292245594466,476.0,167.0,191.0,147.0,0.10047694121390208,0.14521758440249039,145.81,3.4
6960.0,0.0007912380266416148,0.0014593594812924997,0.97626606473128,-0.07495504838202299,739.0,278.0,10.0,158.0,0.1035331987177582,0.14232106504562952,139.72,3.4
6965.0,0.0008037829718271079,0.001557728602871302,0.9770638612173271,-0.08045147595143143,158.0,264.0,13.0,90.0,0.09887323803631481,0.1402934974176614,131.86,3.72
6970.0,0.0013673406561294297,0.0016661589470736255,0.9458325667639759,-0.08681661567652649,357.0,449.0,14.0,108.0,0.11802409564830325,0.13870208019334185,124.34,4.2
6975.0,0.001310240264458381,0.0017835453915125835,0.9538823790249582,-0.09402030903415856,476.0,403.0,10.0,119.0,0.10764547127995913,0.13754569546670412,125.25,4.17
6980.0,0.001693702409187867,0.0018891536362671277,0.9269920159544637,-0.09862472439868288,419.0,311.0,6.0,158.0,0.1203190047138168,0.1346713210400403,120.42,4.62
6985.0,0.0016408844011281724,0.0020326791585706587,0.9390307639062919,-0.10944743448674364,238.0,255.0,13.0,232.0,0.10887215144144555,0.1356728503908664,115.93,4.85
6990.0,0.0018502420123372102,0.0021585953610937436,0.9272996349333681,-0.11637261648294853,504.0,310.0,236.0,122.0,0.10978525823693921,0.1340973107577891,68.6,5.2
6995.0,0.002049371580919165,0.002288056501498787,0.9165277751770882,-0.1228391215693496,267.0,314.0,29.0,273.0,0.1095333621950503,0.13209774374410474,105.27,5.6
7000.0,0.0021727634222999145,0.002437325579741536,0.9147448231333148,-0.13500993462623806,3197.0,1344.0,235.0,912.0,0.10493851585334961,0.13171596035644667,101.46,6.6
7005.0,0.0024982389287827944,0.0025878612695534324,0.8868842621905725,-0.14503897218547265,404.0,291.0,35.0,105.0,0.11335282623634267,0.1295723484814898,98.42,6.9
7010.0,0.00272863244635801,0.002747634447559757,0.8606332893685534,-0.1565424866857366,1779.0,474.0,147.0,153.0,0.11990180002751058,0.12800442368680398,91.79,7.2
7015.0,0.0028667625819759476,0.0029149155222111148,0.8721836992595282,-0.16778319753033563,277.0,120.0,229.0,111.0,0.10832406243309975,0.12615732778535182,88.16,7.7
7020.0,0.003102022250194894,0.0030899379262716987,0.8502858602029112,-0.17988651478194037,954.0,182.0,27.0,113.0,0.11021913443780278,0.12460018738159932,86.68,8.8
7025.0,0.003325274128422134,0.003265979493818111,0.8386587154455816,-0.19430248858040178,746.0,142.0,42.0,87.0,0.1078230293391123,0.12418226088256888,80.6,9.26
7030.0,0.0035489938052092832,0.0034443065820355715,0.8178339717088128,-0.20881529210875543,1342.0,220.0,206.0,188.0,0.109425563452021,0.1237659919694412,74.71,9.9
7035.0,0.003774617316004359,0.003619022941443994,0.8008769268686802,-0.22432877377034485,454.0,130.0,198.0,63.0,0.10931564177444379,0.12305551491454059,68.65,10.5
7040.0,0.0040196588052986626,0.0037497889292444583,0.7864693689518998,-0.24597215129083527,613.0,203.0,92.0,146.0,0.10778969395000652,0.12382625264756969,66.62,11.9
7045.0,0.004225873080962625,0.003987651079149975,0.765593758571522,-0.2576506041231357,1166.0,108.0,21.0,63.0,0.1074286208259833,0.11900172807203138,60.73,13.42
7050.0,0.004475560696877867,0.004177998688012923,0.747511318956169,-0.27590421669054843,4243.0,834.0,222.0,236.0,0.10499397379232768,0.11741599640101287,57.98,13.96
7055.0,0.004775958136039343,0.00436608979024648,0.7307216192574293,-0.2953193661415628,574.0,134.0,51.0,78.0,0.10149279646315992,0.11626563887402208,55.02,16.1
7060.0,0.005115877588426543,0.004535990451006759,0.7131492867774913,-0.31629981893782905,451.0,233.0,62.0,102.0,0.09779174433496458,0.11597621999012639,49.75,16.1
7065.0,0.00523755297371944,0.0047007310403996295,0.6833739651758776,-0.33763867609545045,493.0,26.0,104.0,58.0,0.10054570626276435,0.11590161016931755,48.5,17.58
7070.0,0.005530288931233482,0.004868912260548105,0.6611192605027318,-0.35929911543004295,687.0,95.0,109.0,80.0,0.09879350579341709,0.11385617981436674,42.4,18.8
7075.0,0.005158783068489802,0.005016159616727569,0.6207436904765229,-0.3826887033169359,1255.0,39.0,94.0,150.0,0.10872142362202059,0.11204577959293412,41.1,20.4
7080.0,0.005466336689115527,0.0051786874044086025,0.5985074153321173,-0.40669696394139315,338.0,102.0,145.0,120.0,0.10394835778852066,0.11005808531220217,37.92,22.19
7085.0,0.005789421785067433,0.00493363183918873,0.573882541321938,-0.4367027538048799,220.0,18.0,121.0,572.0,0.09956918684874842,0.11752161914544536,35.1,25.1
7090.0,0.0057971155641516284,0.005329489358889137,0.544495723644154,-0.4588069982033518,329.0,18.0,212.0,254.0,0.10112872573575875,0.11017557972907044,31.21,25.9
7095.0,0.0059731280718913655,0.005395643664565583,0.5163541460017269,-0.4848389172069067,184.0,7.0,329.0,579.0,0.09973084528893998,0.11041813143055983,28.6,28.6
7100.0,0.006009021674753955,0.005362236514845141,0.48704072680113936,-0.5111005369280619,4071.0,19.0,1867.0,413.0,0.09809368295815844,0.11004390293721444,25.9,30.4
7105.0,0.005933184674093322,0.005604393900079384,0.4576049814355528,-0.5397649142477681,297.0,3.0,391.0,127.0,0.09828209276006342,0.10415739427314379,23.54,33.0
7110.0,0.006009657118266721,0.005426179353709159,0.426256409160209,-0.5659569885854366,2185.0,6.0,300.0,53.0,0.0959136484148246,0.10652722598493145,21.17,35.3
7115.0,0.006214095182139855,0.0053622067770471545,0.3909065738584977,-0.5929750457901208,214.0,0.0,156.0,19.0,0.09156149895280952,0.10669711612345963,18.91,39.02
7120.0,0.0058210176966018,0.005290015506806783,0.36717437471494324,-0.6196956888498765,607.0,0.0,338.0,49.0,0.09647313870279982,0.10704795124840752,16.79,41.14
7125.0,0.005693236429362253,0.005175185373914617,0.3377986275813998,-0.6451950025809565,1406.0,3.0,231.0,23.0,0.09468884983793868,0.10673298980654031,14.8,44.53
7130.0,0.005542137696377051,0.0050456529514600725,0.3076976591474969,-0.6709533966426778,484.0,2.0,279.0,7.0,0.09312301273379864,0.10554542183813508,13.1,47.4
7135.0,0.005297265752521396,0.004901808251456706,0.2812434665198116,-0.6969295327651961,169.0,1.0,140.0,6.0,0.09361828561556326,0.10457066345499035,11.3,52.5
7140.0,0.0050710473494332406,0.004646241107984088,0.25403887848763723,-0.7164344187032874,799.0,0.0,275.0,3.0,0.09370157004471194,0.10709516118007913,9.42,55.52
7145.0,0.0048173539806215466,0.004408840527087844,0.2289551576092729,-0.735042943448994,118.0,1.0,99.0,9.0,0.09314633309553283,0.10960883176189314,8.47,59.27
7150.0,0.004549107645220382,0.004327853398988875,0.2016640727840274,-0.7670133476111568,1663.0,4.0,575.0,19.0,0.09075720400372864,0.10496735364261894,7.32,65.15
7155.0,0.004233840427028793,0.004074318196818009,0.17901528243035303,-0.7831815829223039,330.0,0.0,181.0,,0.09049892803229868,0.10627150735735652,6.4,
7160.0,0.003915512073496641,0.003887081365757713,0.15785745857850883,-0.8155770696496301,389.0,0.0,358.0,,0.09076864611608389,0.10039735328428485,5.3,
7165.0,0.003603995035288139,0.0036090388075064477,0.138521058216141,-0.818668082860544,170.0,0.0,90.0,,0.09104466023041072,0.10700302255907099,4.4,
7170.0,0.003305336834637874,0.003378824792611514,0.12437254087640057,-0.8313121190447857,377.0,0.0,149.0,,0.09130132359007953,0.10935306153910201,3.9,
7175.0,0.0029952935019622465,0.0031636365915395192,0.10832658974594409,-0.845417361271876,1011.0,0.0,240.0,,0.09077486308355641,0.11090030946610219,3.3,
7180.0,0.0026777740756094605,0.00297566440382361,0.0920941861985658,-0.8349889680437663,210.0,0.0,221.0,4.0,0.090252370416294,0.12251295028289479,2.9,89.43
7185.0,0.002404673220512572,0.002747028328633663,0.08019418440122186,-0.8750354068837608,260.0,0.0,140.0,,0.09128466518397951,0.11033737978534562,2.2,
7190.0,0.002154799939527998,0.0026049896804331892,0.06965485692054296,-0.8737987488133505,367.0,0.0,72.0,4.0,0.09168457043099167,0.11726580658921208,1.99,98.95
7195.0,0.0019342919622339244,0.002496860299886039,0.06143590975795312,-0.8655741609672578,93.0,0.0,47.0,,0.0918851315247788,0.12855876531337473,1.75,
7200.0,0.001715687292619453,0.0022965274405214453,0.05325275990956021,-0.8873104860247992,1707.0,0.0,334.0,,0.09208437927345421,0.12200443183251043,1.5,
7205.0,0.0016293260200445807,0.0021415149179902825,0.052775984685208686,-0.896283398728676,89.0,0.0,106.0,,0.0962657258342883,0.12298210779835893,1.2,
7210.0,0.0013611970787030297,0.0020167041854423904,0.04106970992760311,-0.9013021465013008,111.0,0.0,71.0,,0.09446203194105562,0.12592772105764632,1.15,
7215.0,0.001221748307340723,0.0017473968125987346,0.036549771822830354,-0.9254619884721212,49.0,0.0,118.0,,0.09630347725438247,0.11942848610088624,1.0,
7220.0,0.0011650978473923227,0.0018088222002919504,0.036142678454275545,-0.9084487587300946,443.0,0.0,145.0,,0.10012430489991524,0.13298326335776242,0.9,
7225.0,0.0009908290753016524,0.001292433492632602,0.029248446006899617,-0.9531874877930432,499.0,0.0,27.0,,0.09849380178596824,0.11021153330573558,0.75,
7230.0,0.0008792554186238911,0.0018217766434896374,0.025662815161841563,-0.8761336870528815,200.0,0.0,66.0,,0.09889566245302303,0.1654139561150156,0.71,
7235.0,0.0008477295644240633,0.0015401867819131055,0.025662799311184255,-0.9196220389732329,36.0,0.0,29.0,,0.10258476949089992,0.14253629594724163,0.65,
7240.0,0.0007760645472261123,0.0014844196814740441,0.023631480134577106,-0.9199855048096351,842.0,0.0,85.0,,0.10429175838589386,0.14742035720727809,0.55,
7245.0,0.0006451203600427598,0.0014039619150440497,0.018830064038974085,-0.9244144477586917,0.0,0.0,23.0,,0.1033628918144558,0.1499309742605316,0.5,
7250.0,0.0005808260513484903,0.001338018682627692,0.01692426591855815,-0.9273202733645343,1263.0,0.0,106.0,,0.10506028219303419,0.1532263741410664,0.45,
7255.0,0.0005202564971826688,0.0012759918147874456,0.015078818516337265,-0.9301164302670465,0.0,0.0,1.0,,0.10675259823629507,0.15559760903474512,0.35,
7260.0,0.0004631426145938125,0.0012273429036329371,0.013290494705726508,-0.9314696522459294,82.0,0.0,34.0,,0.10843989163238037,0.15909278708683763,0.37,
7265.0,0.0004426074869437229,0.0011816929400013411,0.012990584560977944,-0.9327635285626876,0.0,0.0,7.0,,0.11110055542248522,0.16258362111428215,0.4,
7270.0,0.00038932568819006786,0.0011437259082616176,0.01126510021843851,-0.9333453708015067,19.0,0.0,21.0,,0.11069429677883096,0.16675213034331848,0.3,
7275.0,0.0003726110200398219,0.0011080515110739862,0.011018804816746042,-0.9338973870755021,151.0,0.0,21.0,,0.11334177985198195,0.17091694436778587,0.25,
7280.0,0.0003209854785306489,0.001060375881836261,0.009320468718485643,-0.9363260178030665,78.0,0.0,14.0,,0.11293093551251654,0.17303130085839138,0.25,
7285.0,0.00030767588321779375,0.0012146395328485743,0.009123619962075488,-0.9028319401015511,0.0,0.0,2.0,,0.1155684491754192,0.20671191547196205,0.15,
7290.0,0.00027696042751610843,0.0009857947666816298,0.00820315809662362,-0.9390949095693132,132.0,0.0,5.0,,0.11667656655614587,0.1792948709510894,0.28,
7295.0,0.00024734205654365344,0.0009584803811383356,0.007299994560573982,-0.9394751374047067,0.0,0.0,16.0,,0.11778132537942483,0.18344396061713808,0.17,
7300.0,0.00023771804852036266,0.0009234906934649395,0.007155398264873536,-0.9410575015313191,453.0,0.0,15.0,,0.12040668716886244,0.18622546604064819,0.2,
7305.0,0.00022868737736008625,0.0010282104755662547,0.007017061527355202,-0.9196360683525275,0.0,0.0,,,0.12302935009299551,0.21336138345408504,,
7310.0,0.00020262640486880474,0.0009390420841803485,0.0061705484404388665,-0.932206068145127,0.0,0.0,1.0,,0.12412229208388796,0.2061241573750102,0.17,
7315.0,0.00019527125296132046,0.0008416327068105972,0.006056675372862634,-0.9437367259390157,0.0,0.0,,,0.1267382428126462,0.19659491280594785,,
7320.0,0.0001711538691029581,0.0008213168619393265,0.005242812142028614,-0.9439842468573898,0.0,0.0,11.0,,0.1278242503121025,0.20072671320003052,0.13,
7325.0,0.0001652320770540274,0.0005539564278505244,0.005150769538592108,-0.971318121750077,481.0,0.0,43.0,,0.13043388710384415,0.1734274996849453,0.15,
7350.0,0.00012532004919350436,0.0006359849511502217,0.004089388188532121,-0.9563586465802989,36.0,0.0,58.0,,0.14042368986899148,0.21181874517733904,0.15,
7375.0,9.305369362507642e-05,0.0005725390511989508,0.0031470549066059754,-0.9573729939275211,152.0,0.0,152.0,,0.14781324130039278,0.23096968248020167,0.1,
7400.0,8.081992402916506e-05,0.0005134612657735168,0.002932013183296155,-0.9592376694484487,65.0,0.0,23.0,,0.15934706680987765,0.24868878990866083,0.2,
7425.0,7.096151770251736e-05,0.0005629459985667091,0.00274661267548371,-0.9441271473403773,37.0,1.0,9.0,1.0,0.17083015026890408,0.2922611072178766,0.2,394.64
7450.0,6.289325812668117e-05,0.00039961955859848147,0.0025850963756311623,-0.9659661894565061,9.0,0.0,9.0,,0.1822650583049065,0.2784837284842606,0.1,
7475.0,5.620081022721908e-05,0.0003758685273318971,0.0024431134148827183,-0.96566383468938,190.0,0.0,190.0,,0.1936538051750289,0.2980458849927655,0.1,
7500.0,4.13418757335738e-05,0.000328923539592344,0.0018109393810388675,-0.9696586965764474,267.0,0.0,208.0,,0.2007649251487087,0.3072558124810489,0.15,
7525.0,3.7448245396135464e-05,0.0003083715675915185,0.0017232374296757883,-0.9699833260467774,0.0,0.0,,,0.21206259710600397,0.32457632324444213,,
7600.0,2.8765819793999236e-05,0.00026385132825311626,0.0015097306105019141,-0.9700175398484618,368.0,0.0,196.0,,0.24571184731632056,0.37889040621442527,0.05,
7700.0,2.1470676620980754e-05,0.00019809051602204857,0.0013040914261448638,-0.9750092549959244,11.0,0.0,10.0,,0.290032983458011,0.42936610180628393,0.05,
7800.0,1.6803041307025354e-05,0.00016189431764395432,0.0011537634408643727,-0.977078188844793,224.0,0.0,10.0,,0.33051614584321365,0.48716345252604193,0.05,
8000.0,1.1231032907676057e-05,0.00012097482616683003,0.0009434783824760508,-0.9789462110239622,183.0,0.0,149.0,,0.40754862848648193,0.6058062457734826,0.05,
8200.0,8.134613616191098e-06,8.64011847834509e-05,0.0008031665811002578,-0.983165169155855,0.0,0.0,,,0.48259299893257396,0.7031066066885131,,
8400.0,9.072443961564676e-06,6.821843741312859e-05,0.0010979771858740084,-0.9851210936199678,0.0,0.0,,,0.5828949539326598,0.8057974041425219,,
8600.0,4.9605285006529e-06,5.787935327734306e-05,0.0006275861764837363,-0.9858865440499438,3.0,0.0,3.0,,0.6272235705666007,0.9111943033922962,0.05,
8800.0,6.850121635014963e-06,5.878191204303026e-05,0.0010470729087117628,-0.9830126006372611,4.0,1.0,2.0,1.0,0.7368985813285579,1.0421620036726014,0.1,1762.9
9000.0,,3.7519642454605125e-05,,-0.989736376451186,2.0,0.0,1.0,,,1.0524111181256794,0.05,
